{"cameraMode":{"drawMode":0,"name":"Shaded","section":"Shading Mode"},"sceneLighting":false,"audioPlay":false,"sceneViewState":{"showFog":true,"showMaterialUpdate":false,"showSkybox":true,"showFlares":true,"showImageEffects":true,"showParticleSystems":true},"in2DMode":false,"pivot":{"x":24.778076171875,"y":-1.8353500366210938,"z":-11.515522956848145},"rotation":{"x":0.005210692994296551,"y":0.5638905763626099,"z":-0.003557942807674408,"w":0.8258255124092102},"size":49.13480758666992,"orthographic":false}